<doc>
    <assembly>
        <name>Xamarin.Forms.Xaml</name>
    </assembly>
    <members>
        <member name="T:Xamarin.Forms.Xaml.ArrayExtension">
            <summary>Para uso interno de la infraestructura XAML.</summary>
        </member>
        <member name="C:Xamarin.Forms.Xaml.ArrayExtension">
            <summary>Para uso interno de la infraestructura XAML.</summary>
        </member>
        <member name="P:Xamarin.Forms.Xaml.ArrayExtension.Items">
            <summary>Para uso interno de la infraestructura XAML.</summary>
        </member>
        <member name="M:Xamarin.Forms.Xaml.ArrayExtension.ProvideValue(System.IServiceProvider)">
            <param name="serviceProvider">Para uso interno de la infraestructura XAML.</param>
            <summary>Para uso interno de la infraestructura XAML.</summary>
        </member>
        <member name="P:Xamarin.Forms.Xaml.ArrayExtension.Type">
            <summary>Para uso interno de la infraestructura XAML.</summary>
        </member>
        <member name="M:Xamarin.Forms.Xaml.ArrayExtension.Xamarin#Forms#Xaml#IMarkupExtension#ProvideValue(System.IServiceProvider)">
            <param name="serviceProvider">Para uso interno de la infraestructura XAML.</param>
            <summary>Para uso interno de la infraestructura XAML.</summary>
        </member>
        <member name="T:Xamarin.Forms.Xaml.BindingExtension">
            <summary>Para uso interno de la infraestructura XAML.</summary>
        </member>
        <member name="C:Xamarin.Forms.Xaml.BindingExtension">
            <summary>Para uso interno de la infraestructura XAML.</summary>
        </member>
        <member name="P:Xamarin.Forms.Xaml.BindingExtension.Converter">
            <summary>Para uso interno de la infraestructura XAML.</summary>
        </member>
        <member name="P:Xamarin.Forms.Xaml.BindingExtension.ConverterParameter">
            <summary>Para uso interno de la infraestructura XAML.</summary>
        </member>
        <member name="P:Xamarin.Forms.Xaml.BindingExtension.FallbackValue">
            <summary>Para uso interno de la infraestructura XAML.</summary>
        </member>
        <member name="P:Xamarin.Forms.Xaml.BindingExtension.Mode">
            <summary>Para uso interno de la infraestructura XAML.</summary>
        </member>
        <member name="P:Xamarin.Forms.Xaml.BindingExtension.Path">
            <summary>Para uso interno de la infraestructura XAML.</summary>
        </member>
        <member name="P:Xamarin.Forms.Xaml.BindingExtension.Source">
            <summary>Para uso interno de la infraestructura XAML.</summary>
        </member>
        <member name="P:Xamarin.Forms.Xaml.BindingExtension.StringFormat">
            <summary>Para uso interno de la infraestructura XAML.</summary>
        </member>
        <member name="P:Xamarin.Forms.Xaml.BindingExtension.TargetNullValue">
            <summary>Para uso interno de la infraestructura XAML.</summary>
        </member>
        <member name="P:Xamarin.Forms.Xaml.BindingExtension.TypedBinding">
            <summary>Para uso interno de la infraestructura XAML.</summary>
        </member>
        <member name="P:Xamarin.Forms.Xaml.BindingExtension.UpdateSourceEventName">
            <summary>Para uso interno de la infraestructura XAML.</summary>
        </member>
        <member name="M:Xamarin.Forms.Xaml.BindingExtension.Xamarin#Forms#Xaml#IMarkupExtension#ProvideValue(System.IServiceProvider)">
            <param name="serviceProvider">Para uso interno de la infraestructura XAML.</param>
            <summary>Para uso interno de la infraestructura XAML.</summary>
        </member>
        <member name="M:Xamarin.Forms.Xaml.BindingExtension.Xamarin#Forms#Xaml#IMarkupExtension{Xamarin#Forms#BindingBase}#ProvideValue(System.IServiceProvider)">
            <param name="serviceProvider">Para uso interno de la infraestructura XAML.</param>
            <summary>Para uso interno de la infraestructura XAML.</summary>
        </member>
        <member name="T:Xamarin.Forms.Xaml.DataTemplateExtension" />
        <member name="C:Xamarin.Forms.Xaml.DataTemplateExtension" />
        <member name="M:Xamarin.Forms.Xaml.DataTemplateExtension.ProvideValue(System.IServiceProvider)" />
        <member name="P:Xamarin.Forms.Xaml.DataTemplateExtension.TypeName" />
        <member name="M:Xamarin.Forms.Xaml.DataTemplateExtension.Xamarin#Forms#Xaml#IMarkupExtension#ProvideValue(System.IServiceProvider)" />
        <member name="T:Xamarin.Forms.Xaml.DynamicResourceExtension">
            <summary>Para uso interno de la infraestructura XAML.</summary>
        </member>
        <member name="C:Xamarin.Forms.Xaml.DynamicResourceExtension">
            <summary>Interno.</summary>
        </member>
        <member name="P:Xamarin.Forms.Xaml.DynamicResourceExtension.Key">
            <summary>Para uso interno de la infraestructura XAML.</summary>
        </member>
        <member name="M:Xamarin.Forms.Xaml.DynamicResourceExtension.ProvideValue(System.IServiceProvider)">
            <param name="serviceProvider">Para uso interno de la infraestructura XAML.</param>
            <summary>Para uso interno de la infraestructura XAML.</summary>
        </member>
        <member name="M:Xamarin.Forms.Xaml.DynamicResourceExtension.Xamarin#Forms#Xaml#IMarkupExtension{Xamarin#Forms#Internals#DynamicResource}#ProvideValue(System.IServiceProvider)">
            <param name="serviceProvider">Para uso interno de la infraestructura XAML.</param>
            <summary>Para uso interno de la infraestructura XAML.</summary>
        </member>
        <member name="T:Xamarin.Forms.Xaml.Extensions">
            <summary>Clase de extensión para el <see cref="T:Xamarin.Forms.View" /> que define el método <see cref="M:Xamarin.Forms.Xaml.Extensions.LoadFromXaml``1(``0,System.String)" />.</summary>
        </member>
        <member name="M:Xamarin.Forms.Xaml.Extensions.LoadFromXaml``1(``0,System.String)">
            <typeparam name="TXaml">El tipo de vista para inicializar con el estado de XAML.</typeparam>
            <param name="view">Vista en la que funciona este método.</param>
            <param name="xaml">XAML que codifica el estado de vista.</param>
            <summary>Devuelve una vista inicializada al cargar el <paramref name="xaml" /> especificado.</summary>
            <returns>Vista inicializada.</returns>
        </member>
        <member name="M:Xamarin.Forms.Xaml.Extensions.LoadFromXaml``1(``0,System.Type)">
            <typeparam name="TXaml">El tipo de vista para inicializar con el estado de XAML.</typeparam>
            <param name="view">Vista en la que funciona este método.</param>
            <param name="callingType">Tipo de autor de llamada.</param>
            <summary>Devuelve un <paramref name="TXaml" /> con las propiedades que se definen en el manifiesto de aplicación para <paramref name="callingType" />.</summary>
            <returns>
                <paramref name="TXaml" /> con las propiedades que se definen en el manifiesto de aplicación para <paramref name="callingType" />.</returns>
        </member>
        <member name="T:Xamarin.Forms.Xaml.FontImageExtension" />
        <member name="C:Xamarin.Forms.Xaml.FontImageExtension" />
        <member name="P:Xamarin.Forms.Xaml.FontImageExtension.Color" />
        <member name="P:Xamarin.Forms.Xaml.FontImageExtension.FontFamily" />
        <member name="P:Xamarin.Forms.Xaml.FontImageExtension.Glyph" />
        <member name="M:Xamarin.Forms.Xaml.FontImageExtension.ProvideValue(System.IServiceProvider)" />
        <member name="P:Xamarin.Forms.Xaml.FontImageExtension.Size" />
        <member name="M:Xamarin.Forms.Xaml.FontImageExtension.Xamarin#Forms#Xaml#IMarkupExtension#ProvideValue(System.IServiceProvider)" />
        <member name="T:Xamarin.Forms.Xaml.NullExtension">
            <summary>Clase de extensión que distingue entre valores null y cadenas vacías.</summary>
        </member>
        <member name="C:Xamarin.Forms.Xaml.NullExtension">
            <summary>Crea un objeto <see cref="T:Xamarin.Forms.Xaml.NullExtension" /> con valores predeterminados.</summary>
        </member>
        <member name="M:Xamarin.Forms.Xaml.NullExtension.ProvideValue(System.IServiceProvider)">
            <param name="serviceProvider">Para uso interno de la infraestructura XAML.</param>
            <summary>Devuelve el objeto null.</summary>
        </member>
        <member name="T:Xamarin.Forms.Xaml.OnIdiomExtension">
            <summary>Para uso interno de la infraestructura XAML.</summary>
        </member>
        <member name="C:Xamarin.Forms.Xaml.OnIdiomExtension">
            <summary>Para uso interno de la infraestructura XAML.</summary>
        </member>
        <member name="P:Xamarin.Forms.Xaml.OnIdiomExtension.Converter">
            <summary>Para uso interno de la infraestructura XAML.</summary>
        </member>
        <member name="P:Xamarin.Forms.Xaml.OnIdiomExtension.ConverterParameter">
            <summary>Para uso interno de la infraestructura XAML.</summary>
        </member>
        <member name="P:Xamarin.Forms.Xaml.OnIdiomExtension.Default">
            <summary>Para uso interno de la infraestructura XAML.</summary>
        </member>
        <member name="P:Xamarin.Forms.Xaml.OnIdiomExtension.Desktop">
            <summary>Para uso interno de la infraestructura XAML.</summary>
        </member>
        <member name="P:Xamarin.Forms.Xaml.OnIdiomExtension.Phone">
            <summary>Para uso interno de la infraestructura XAML.</summary>
        </member>
        <member name="M:Xamarin.Forms.Xaml.OnIdiomExtension.ProvideValue(System.IServiceProvider)">
            <summary>Para uso interno de la infraestructura XAML.</summary>
        </member>
        <member name="P:Xamarin.Forms.Xaml.OnIdiomExtension.Tablet">
            <summary>Para uso interno de la infraestructura XAML.</summary>
        </member>
        <member name="P:Xamarin.Forms.Xaml.OnIdiomExtension.TV">
            <summary>Para uso interno de la infraestructura XAML.</summary>
        </member>
        <member name="P:Xamarin.Forms.Xaml.OnIdiomExtension.Watch">
            <summary>Para uso interno de la infraestructura XAML.</summary>
        </member>
        <member name="T:Xamarin.Forms.Xaml.OnPlatformExtension">
            <summary>Para uso interno de la infraestructura XAML.</summary>
        </member>
        <member name="C:Xamarin.Forms.Xaml.OnPlatformExtension">
            <summary>Para uso interno de la infraestructura XAML.</summary>
        </member>
        <member name="P:Xamarin.Forms.Xaml.OnPlatformExtension.Android">
            <summary>Para uso interno de la infraestructura XAML.</summary>
        </member>
        <member name="P:Xamarin.Forms.Xaml.OnPlatformExtension.Converter">
            <summary>Para uso interno de la infraestructura XAML.</summary>
        </member>
        <member name="P:Xamarin.Forms.Xaml.OnPlatformExtension.ConverterParameter">
            <summary>Para uso interno de la infraestructura XAML.</summary>
        </member>
        <member name="P:Xamarin.Forms.Xaml.OnPlatformExtension.Default">
            <summary>Para uso interno de la infraestructura XAML.</summary>
        </member>
        <member name="P:Xamarin.Forms.Xaml.OnPlatformExtension.GTK">
            <summary>Para uso interno de la infraestructura XAML.</summary>
        </member>
        <member name="P:Xamarin.Forms.Xaml.OnPlatformExtension.iOS">
            <summary>Para uso interno de la infraestructura XAML.</summary>
        </member>
        <member name="P:Xamarin.Forms.Xaml.OnPlatformExtension.macOS">
            <summary>Para uso interno de la infraestructura XAML.</summary>
        </member>
        <member name="M:Xamarin.Forms.Xaml.OnPlatformExtension.ProvideValue(System.IServiceProvider)">
            <summary>Para uso interno de la infraestructura XAML.</summary>
        </member>
        <member name="P:Xamarin.Forms.Xaml.OnPlatformExtension.Tizen">
            <summary>Para uso interno de la infraestructura XAML.</summary>
        </member>
        <member name="P:Xamarin.Forms.Xaml.OnPlatformExtension.UWP">
            <summary>Para uso interno de la infraestructura XAML.</summary>
        </member>
        <member name="P:Xamarin.Forms.Xaml.OnPlatformExtension.WPF">
            <summary>Para uso interno de la infraestructura XAML.</summary>
        </member>
        <member name="T:Xamarin.Forms.Xaml.ReferenceExtension">
            <summary>Extensión de marcado para hacer referencia a otros tipos definidos por XAML.</summary>
        </member>
        <member name="C:Xamarin.Forms.Xaml.ReferenceExtension">
            <summary>Crea un <see cref="T:Xamarin.Forms.Xaml.ReferenceExtension" /> con valores predeterminados.</summary>
        </member>
        <member name="P:Xamarin.Forms.Xaml.ReferenceExtension.Name">
            <summary>Obtiene o establece el nombre de la entidad a la que se va a hacer referencia.</summary>
        </member>
        <member name="M:Xamarin.Forms.Xaml.ReferenceExtension.ProvideValue(System.IServiceProvider)">
            <param name="serviceProvider">Para uso interno de la infraestructura XAML.</param>
            <summary>Devuelve un objeto que representa el tipo al que se ha hecho referencia.</summary>
        </member>
        <member name="T:Xamarin.Forms.Xaml.RelativeSourceExtension" />
        <member name="C:Xamarin.Forms.Xaml.RelativeSourceExtension" />
        <member name="P:Xamarin.Forms.Xaml.RelativeSourceExtension.AncestorLevel" />
        <member name="P:Xamarin.Forms.Xaml.RelativeSourceExtension.AncestorType" />
        <member name="P:Xamarin.Forms.Xaml.RelativeSourceExtension.Mode" />
        <member name="M:Xamarin.Forms.Xaml.RelativeSourceExtension.ProvideValue(System.IServiceProvider)" />
        <member name="M:Xamarin.Forms.Xaml.RelativeSourceExtension.Xamarin#Forms#Xaml#IMarkupExtension{Xamarin#Forms#RelativeBindingSource}#ProvideValue(System.IServiceProvider)" />
        <member name="T:Xamarin.Forms.Xaml.StaticExtension">
            <summary>Extensión de marcado que obtiene un valor de miembro estático.</summary>
        </member>
        <member name="C:Xamarin.Forms.Xaml.StaticExtension">
            <summary>Crea un objeto <see cref="T:Xamarin.Forms.Xaml.StaticExtension" /> con los valores predeterminados.</summary>
        </member>
        <member name="P:Xamarin.Forms.Xaml.StaticExtension.Member">
            <summary>Obtiene o establece el nombre del miembro.</summary>
        </member>
        <member name="M:Xamarin.Forms.Xaml.StaticExtension.ProvideValue(System.IServiceProvider)">
            <param name="serviceProvider">Para uso interno de la infraestructura XAML.</param>
            <summary>Devuelve el valor del miembro.</summary>
        </member>
        <member name="T:Xamarin.Forms.Xaml.StaticResourceExtension">
            <summary>Para uso interno de la infraestructura XAML.</summary>
        </member>
        <member name="C:Xamarin.Forms.Xaml.StaticResourceExtension">
            <summary>Para uso interno de la infraestructura XAML.</summary>
        </member>
        <member name="P:Xamarin.Forms.Xaml.StaticResourceExtension.Key">
            <summary>Para uso interno de la infraestructura XAML.</summary>
        </member>
        <member name="M:Xamarin.Forms.Xaml.StaticResourceExtension.ProvideValue(System.IServiceProvider)">
            <param name="serviceProvider">Para uso interno de la infraestructura XAML.</param>
            <summary>Para uso interno de la infraestructura XAML.</summary>
        </member>
        <member name="T:Xamarin.Forms.Xaml.StyleSheetExtension">
            <summary>Para uso interno de la infraestructura XAML.</summary>
        </member>
        <member name="C:Xamarin.Forms.Xaml.StyleSheetExtension">
            <summary>Para uso interno de la infraestructura XAML.</summary>
        </member>
        <member name="P:Xamarin.Forms.Xaml.StyleSheetExtension.Source">
            <summary>Para uso interno de la infraestructura XAML.</summary>
            <value>Para uso interno de la infraestructura XAML.</value>
        </member>
        <member name="P:Xamarin.Forms.Xaml.StyleSheetExtension.Style">
            <summary>Para uso interno de la infraestructura XAML.</summary>
            <value>Para uso interno de la infraestructura XAML.</value>
        </member>
        <member name="M:Xamarin.Forms.Xaml.StyleSheetExtension.Xamarin#Forms#Xaml#IValueProvider#ProvideValue(System.IServiceProvider)">
            <param name="serviceProvider">Para uso interno de la infraestructura XAML.</param>
            <summary>Para uso interno de la infraestructura XAML.</summary>
            <returns>Para uso interno de la infraestructura XAML.</returns>
        </member>
        <member name="T:Xamarin.Forms.Xaml.TemplateBindingExtension">
            <summary>Para uso interno de la infraestructura XAML.</summary>
        </member>
        <member name="C:Xamarin.Forms.Xaml.TemplateBindingExtension">
            <summary>Para uso interno de la infraestructura XAML.</summary>
        </member>
        <member name="P:Xamarin.Forms.Xaml.TemplateBindingExtension.Converter">
            <summary>Para uso interno de la infraestructura XAML.</summary>
        </member>
        <member name="P:Xamarin.Forms.Xaml.TemplateBindingExtension.ConverterParameter">
            <summary>Para uso interno de la infraestructura XAML.</summary>
        </member>
        <member name="P:Xamarin.Forms.Xaml.TemplateBindingExtension.Mode">
            <summary>Para uso interno de la infraestructura XAML.</summary>
        </member>
        <member name="P:Xamarin.Forms.Xaml.TemplateBindingExtension.Path">
            <summary>Para uso interno de la infraestructura XAML.</summary>
        </member>
        <member name="P:Xamarin.Forms.Xaml.TemplateBindingExtension.StringFormat">
            <summary>Para uso interno de la infraestructura XAML.</summary>
        </member>
        <member name="M:Xamarin.Forms.Xaml.TemplateBindingExtension.Xamarin#Forms#Xaml#IMarkupExtension#ProvideValue(System.IServiceProvider)">
            <param name="serviceProvider">Para uso interno de la infraestructura XAML.</param>
            <summary>Para uso interno de la infraestructura XAML.</summary>
        </member>
        <member name="M:Xamarin.Forms.Xaml.TemplateBindingExtension.Xamarin#Forms#Xaml#IMarkupExtension{Xamarin#Forms#BindingBase}#ProvideValue(System.IServiceProvider)">
            <param name="serviceProvider">Para uso interno de la infraestructura XAML.</param>
            <summary>Para uso interno de la infraestructura XAML.</summary>
        </member>
        <member name="T:Xamarin.Forms.Xaml.TypeExtension">
            <summary>Para uso interno de la infraestructura XAML.</summary>
        </member>
        <member name="C:Xamarin.Forms.Xaml.TypeExtension">
            <summary>Para uso interno de la infraestructura XAML.</summary>
        </member>
        <member name="M:Xamarin.Forms.Xaml.TypeExtension.ProvideValue(System.IServiceProvider)">
            <param name="serviceProvider">Para uso interno de la infraestructura XAML.</param>
            <summary>Para uso interno de la infraestructura XAML.</summary>
        </member>
        <member name="P:Xamarin.Forms.Xaml.TypeExtension.TypeName">
            <summary>Para uso interno de la infraestructura XAML.</summary>
        </member>
        <member name="M:Xamarin.Forms.Xaml.TypeExtension.Xamarin#Forms#Xaml#IMarkupExtension#ProvideValue(System.IServiceProvider)">
            <param name="serviceProvider">Para uso interno de la infraestructura XAML.</param>
            <summary>Para uso interno de la infraestructura XAML.</summary>
        </member>
        <member name="T:Xamarin.Forms.Xaml.XamlCompilationAttribute">
            <summary>Atributo que controla si el XAML se compilará en tiempo de compilación o en tiempo de ejecución.</summary>
        </member>
        <member name="C:Xamarin.Forms.Xaml.XamlCompilationAttribute(Xamarin.Forms.Xaml.XamlCompilationOptions)">
            <param name="xamlCompilationOptions">Valor que indica si se debe compilar XAML en tiempo de ejecución o en tiempo de compilación.</param>
            <summary>Crea un <see cref="T:Xamarin.Forms.Xaml.XamlCompilationAttribute" /> con el valor especificado.</summary>
        </member>
        <member name="P:Xamarin.Forms.Xaml.XamlCompilationAttribute.XamlCompilationOptions">
            <summary>Obtiene o establece un valor que indica si se debe compilar XAML en tiempo de ejecución o en tiempo de compilación.</summary>
        </member>
        <member name="T:Xamarin.Forms.Xaml.XamlCompilationOptions">
            <summary>Enumera los valores que controlan cuándo XAML se compila en IL.</summary>
        </member>
        <member name="F:Xamarin.Forms.Xaml.XamlCompilationOptions.Compile">
            <summary>Compila el XAML de la clase o del proyecto cuando la aplicación se compila.</summary>
        </member>
        <member name="F:Xamarin.Forms.Xaml.XamlCompilationOptions.Skip">
            <summary>Compila el XAML de la clase o del proyecto cuando la aplicación se ejecuta en el dispositivo.</summary>
        </member>
        <member name="T:Xamarin.Forms.Xaml.XamlFilePathAttribute">
            <summary>Para uso interno de la infraestructura XAML.</summary>
        </member>
        <member name="C:Xamarin.Forms.Xaml.XamlFilePathAttribute(System.String)">
            <param name="filePath">Para uso interno de la infraestructura XAML.</param>
            <summary>Para uso interno de la infraestructura XAML.</summary>
        </member>
        <member name="P:Xamarin.Forms.Xaml.XamlFilePathAttribute.FilePath">
            <summary>Para uso interno de la infraestructura XAML.</summary>
            <value>Para uso interno de la infraestructura XAML.</value>
        </member>
        <member name="T:Xamarin.Forms.Xaml.Internals.NameScopeProvider">
            <summary>Para uso interno de la plataforma de Xamarin.Forms.</summary>
        </member>
        <member name="C:Xamarin.Forms.Xaml.Internals.NameScopeProvider">
            <summary>Para uso interno de la plataforma de Xamarin.Forms.</summary>
        </member>
        <member name="P:Xamarin.Forms.Xaml.Internals.NameScopeProvider.NameScope">
            <summary>Para uso interno de la plataforma de Xamarin.Forms.</summary>
        </member>
        <member name="T:Xamarin.Forms.Xaml.Internals.SimpleValueTargetProvider">
            <summary>Para uso interno de la plataforma de Xamarin.Forms.</summary>
        </member>
        <member name="C:Xamarin.Forms.Xaml.Internals.SimpleValueTargetProvider(System.Object[])">
            <param name="objectAndParents">Para uso interno de la plataforma de Xamarin.Forms.</param>
            <summary>Para uso interno de la plataforma de Xamarin.Forms.</summary>
        </member>
        <member name="C:Xamarin.Forms.Xaml.Internals.SimpleValueTargetProvider(System.Object[],System.Object)">
            <param name="objectAndParents">Para uso interno de la plataforma de Xamarin.Forms.</param>
            <param name="targetProperty">Para uso interno de la plataforma de Xamarin.Forms.</param>
            <summary>Para uso interno de la plataforma de Xamarin.Forms.</summary>
        </member>
        <member name="C:Xamarin.Forms.Xaml.Internals.SimpleValueTargetProvider(System.Object[],System.Object,Xamarin.Forms.Internals.INameScope)">
            <summary>Para uso interno de la plataforma de Xamarin.Forms.</summary>
        </member>
        <member name="M:Xamarin.Forms.Xaml.Internals.SimpleValueTargetProvider.FindByName(System.String)">
            <summary>Para uso interno de la infraestructura XAML.</summary>
        </member>
        <member name="P:Xamarin.Forms.Xaml.Internals.SimpleValueTargetProvider.Xamarin#Forms#Xaml#IProvideValueTarget#TargetObject">
            <summary>Para uso interno de la plataforma de Xamarin.Forms.</summary>
        </member>
        <member name="P:Xamarin.Forms.Xaml.Internals.SimpleValueTargetProvider.Xamarin#Forms#Xaml#IProvideValueTarget#TargetProperty">
            <summary>Para uso interno de la plataforma de Xamarin.Forms.</summary>
        </member>
        <member name="T:Xamarin.Forms.Xaml.Internals.XamlLoader">
            <summary>Para uso interno de la plataforma de Xamarin.Forms.</summary>
        </member>
        <member name="P:Xamarin.Forms.Xaml.Internals.XamlLoader.XamlFileProvider">
            <summary>Para uso interno de la plataforma de Xamarin.Forms.</summary>
        </member>
        <member name="T:Xamarin.Forms.Xaml.Internals.XamlServiceProvider">
            <summary>Para uso interno de la plataforma de Xamarin.Forms.</summary>
        </member>
        <member name="C:Xamarin.Forms.Xaml.Internals.XamlServiceProvider">
            <summary>Para uso interno de la plataforma de Xamarin.Forms.</summary>
        </member>
        <member name="M:Xamarin.Forms.Xaml.Internals.XamlServiceProvider.Add(System.Type,System.Object)">
            <param name="type">Para uso interno de la plataforma de Xamarin.Forms.</param>
            <param name="service">Para uso interno de la plataforma de Xamarin.Forms.</param>
            <summary>Para uso interno de la plataforma de Xamarin.Forms.</summary>
        </member>
        <member name="M:Xamarin.Forms.Xaml.Internals.XamlServiceProvider.GetService(System.Type)">
            <param name="serviceType">Para uso interno de la plataforma de Xamarin.Forms.</param>
            <summary>Para uso interno de la plataforma de Xamarin.Forms.</summary>
        </member>
        <member name="T:Xamarin.Forms.Xaml.Internals.XamlTypeResolver">
            <summary>Para uso interno de la plataforma de Xamarin.Forms.</summary>
        </member>
        <member name="C:Xamarin.Forms.Xaml.Internals.XamlTypeResolver(System.Xml.IXmlNamespaceResolver,System.Reflection.Assembly)">
            <param name="namespaceResolver">Para uso interno de la plataforma de Xamarin.Forms.</param>
            <param name="currentAssembly">Para uso interno de la plataforma de Xamarin.Forms.</param>
            <summary>Para uso interno de la plataforma de Xamarin.Forms.</summary>
        </member>
        <member name="M:Xamarin.Forms.Xaml.Internals.XamlTypeResolver.Xamarin#Forms#Xaml#IXamlTypeResolver#Resolve(System.String,System.IServiceProvider)">
            <param name="qualifiedTypeName">Para uso interno de la plataforma de Xamarin.Forms.</param>
            <param name="serviceProvider">Para uso interno de la plataforma de Xamarin.Forms.</param>
            <summary>Para uso interno de la plataforma de Xamarin.Forms.</summary>
        </member>
        <member name="M:Xamarin.Forms.Xaml.Internals.XamlTypeResolver.Xamarin#Forms#Xaml#IXamlTypeResolver#TryResolve(System.String,System.Type)" />
        <member name="T:Xamarin.Forms.Xaml.Internals.XmlLineInfoProvider">
            <summary>Para uso interno de la plataforma de Xamarin.Forms.</summary>
        </member>
        <member name="C:Xamarin.Forms.Xaml.Internals.XmlLineInfoProvider(System.Xml.IXmlLineInfo)">
            <param name="xmlLineInfo">Para uso interno de la plataforma de Xamarin.Forms.</param>
            <summary>Para uso interno de la plataforma de Xamarin.Forms.</summary>
        </member>
        <member name="P:Xamarin.Forms.Xaml.Internals.XmlLineInfoProvider.XmlLineInfo">
            <summary>Para uso interno de la plataforma de Xamarin.Forms.</summary>
        </member>
        <member name="T:Xamarin.Forms.Xaml.Internals.XmlNamespaceResolver">
            <summary>Para uso interno de la plataforma de Xamarin.Forms.</summary>
        </member>
        <member name="C:Xamarin.Forms.Xaml.Internals.XmlNamespaceResolver">
            <summary>Para uso interno de la plataforma de Xamarin.Forms.</summary>
        </member>
        <member name="M:Xamarin.Forms.Xaml.Internals.XmlNamespaceResolver.Add(System.String,System.String)">
            <param name="prefix">Para uso interno de la plataforma de Xamarin.Forms.</param>
            <param name="ns">Para uso interno de la plataforma de Xamarin.Forms.</param>
            <summary>Para uso interno de la plataforma de Xamarin.Forms.</summary>
        </member>
        <member name="M:Xamarin.Forms.Xaml.Internals.XmlNamespaceResolver.GetNamespacesInScope(System.Xml.XmlNamespaceScope)">
            <param name="scope">Para uso interno de la plataforma de Xamarin.Forms.</param>
            <summary>Para uso interno de la plataforma de Xamarin.Forms.</summary>
        </member>
        <member name="M:Xamarin.Forms.Xaml.Internals.XmlNamespaceResolver.LookupNamespace(System.String)">
            <param name="prefix">Para uso interno de la plataforma de Xamarin.Forms.</param>
            <summary>Para uso interno de la plataforma de Xamarin.Forms.</summary>
        </member>
        <member name="M:Xamarin.Forms.Xaml.Internals.XmlNamespaceResolver.LookupPrefix(System.String)">
            <param name="namespaceName">Para uso interno de la plataforma de Xamarin.Forms.</param>
            <summary>Para uso interno de la plataforma de Xamarin.Forms.</summary>
        </member>
    </members>
</doc>
