<doc>
    <assembly>
        <name>Xamarin.Forms.Xaml</name>
    </assembly>
    <members>
        <member name="T:Xamarin.Forms.Xaml.ArrayExtension">
            <summary>Для внутреннего использования инфраструктурой XAML.</summary>
        </member>
        <member name="C:Xamarin.Forms.Xaml.ArrayExtension">
            <summary>Для внутреннего использования инфраструктурой XAML.</summary>
        </member>
        <member name="P:Xamarin.Forms.Xaml.ArrayExtension.Items">
            <summary>Для внутреннего использования инфраструктурой XAML.</summary>
        </member>
        <member name="M:Xamarin.Forms.Xaml.ArrayExtension.ProvideValue(System.IServiceProvider)">
            <param name="serviceProvider">Для внутреннего использования инфраструктурой XAML.</param>
            <summary>Для внутреннего использования инфраструктурой XAML.</summary>
        </member>
        <member name="P:Xamarin.Forms.Xaml.ArrayExtension.Type">
            <summary>Для внутреннего использования инфраструктурой XAML.</summary>
        </member>
        <member name="M:Xamarin.Forms.Xaml.ArrayExtension.Xamarin#Forms#Xaml#IMarkupExtension#ProvideValue(System.IServiceProvider)">
            <param name="serviceProvider">Для внутреннего использования инфраструктурой XAML.</param>
            <summary>Для внутреннего использования инфраструктурой XAML.</summary>
        </member>
        <member name="T:Xamarin.Forms.Xaml.BindingExtension">
            <summary>Для внутреннего использования инфраструктурой XAML.</summary>
        </member>
        <member name="C:Xamarin.Forms.Xaml.BindingExtension">
            <summary>Для внутреннего использования инфраструктурой XAML.</summary>
        </member>
        <member name="P:Xamarin.Forms.Xaml.BindingExtension.Converter">
            <summary>Для внутреннего использования инфраструктурой XAML.</summary>
        </member>
        <member name="P:Xamarin.Forms.Xaml.BindingExtension.ConverterParameter">
            <summary>Для внутреннего использования инфраструктурой XAML.</summary>
        </member>
        <member name="P:Xamarin.Forms.Xaml.BindingExtension.FallbackValue">
            <summary>Для внутреннего использования инфраструктурой XAML.</summary>
        </member>
        <member name="P:Xamarin.Forms.Xaml.BindingExtension.Mode">
            <summary>Для внутреннего использования инфраструктурой XAML.</summary>
        </member>
        <member name="P:Xamarin.Forms.Xaml.BindingExtension.Path">
            <summary>Для внутреннего использования инфраструктурой XAML.</summary>
        </member>
        <member name="P:Xamarin.Forms.Xaml.BindingExtension.Source">
            <summary>Для внутреннего использования инфраструктурой XAML.</summary>
        </member>
        <member name="P:Xamarin.Forms.Xaml.BindingExtension.StringFormat">
            <summary>Для внутреннего использования инфраструктурой XAML.</summary>
        </member>
        <member name="P:Xamarin.Forms.Xaml.BindingExtension.TargetNullValue">
            <summary>Для внутреннего использования инфраструктурой XAML.</summary>
        </member>
        <member name="P:Xamarin.Forms.Xaml.BindingExtension.TypedBinding">
            <summary>Для внутреннего использования инфраструктурой XAML.</summary>
        </member>
        <member name="P:Xamarin.Forms.Xaml.BindingExtension.UpdateSourceEventName">
            <summary>Для внутреннего использования инфраструктурой XAML.</summary>
        </member>
        <member name="M:Xamarin.Forms.Xaml.BindingExtension.Xamarin#Forms#Xaml#IMarkupExtension#ProvideValue(System.IServiceProvider)">
            <param name="serviceProvider">Для внутреннего использования инфраструктурой XAML.</param>
            <summary>Для внутреннего использования инфраструктурой XAML.</summary>
        </member>
        <member name="M:Xamarin.Forms.Xaml.BindingExtension.Xamarin#Forms#Xaml#IMarkupExtension{Xamarin#Forms#BindingBase}#ProvideValue(System.IServiceProvider)">
            <param name="serviceProvider">Для внутреннего использования инфраструктурой XAML.</param>
            <summary>Для внутреннего использования инфраструктурой XAML.</summary>
        </member>
        <member name="T:Xamarin.Forms.Xaml.DataTemplateExtension" />
        <member name="C:Xamarin.Forms.Xaml.DataTemplateExtension" />
        <member name="M:Xamarin.Forms.Xaml.DataTemplateExtension.ProvideValue(System.IServiceProvider)" />
        <member name="P:Xamarin.Forms.Xaml.DataTemplateExtension.TypeName" />
        <member name="M:Xamarin.Forms.Xaml.DataTemplateExtension.Xamarin#Forms#Xaml#IMarkupExtension#ProvideValue(System.IServiceProvider)" />
        <member name="T:Xamarin.Forms.Xaml.DynamicResourceExtension">
            <summary>Для внутреннего использования инфраструктурой XAML.</summary>
        </member>
        <member name="C:Xamarin.Forms.Xaml.DynamicResourceExtension">
            <summary>Внутренний.</summary>
        </member>
        <member name="P:Xamarin.Forms.Xaml.DynamicResourceExtension.Key">
            <summary>Для внутреннего использования инфраструктурой XAML.</summary>
        </member>
        <member name="M:Xamarin.Forms.Xaml.DynamicResourceExtension.ProvideValue(System.IServiceProvider)">
            <param name="serviceProvider">Для внутреннего использования инфраструктурой XAML.</param>
            <summary>Для внутреннего использования инфраструктурой XAML.</summary>
        </member>
        <member name="M:Xamarin.Forms.Xaml.DynamicResourceExtension.Xamarin#Forms#Xaml#IMarkupExtension{Xamarin#Forms#Internals#DynamicResource}#ProvideValue(System.IServiceProvider)">
            <param name="serviceProvider">Для внутреннего использования инфраструктурой XAML.</param>
            <summary>Для внутреннего использования инфраструктурой XAML.</summary>
        </member>
        <member name="T:Xamarin.Forms.Xaml.Extensions">
            <summary>Класс расширения для <see cref="T:Xamarin.Forms.View" />, определяющий метод <see cref="M:Xamarin.Forms.Xaml.Extensions.LoadFromXaml``1(``0,System.String)" />.</summary>
        </member>
        <member name="M:Xamarin.Forms.Xaml.Extensions.LoadFromXaml``1(``0,System.String)">
            <typeparam name="TXaml">Тип представления для инициализации с состоянием из XAML.</typeparam>
            <param name="view">Представление, с которым работает этот метод.</param>
            <param name="xaml">Код XAML, который кодирует состояние представления.</param>
            <summary>Возвращает инициализированное представление, загружая указанный <paramref name="xaml" />.</summary>
            <returns>Инициализированное представление.</returns>
        </member>
        <member name="M:Xamarin.Forms.Xaml.Extensions.LoadFromXaml``1(``0,System.Type)">
            <typeparam name="TXaml">Тип представления для инициализации с состоянием из XAML.</typeparam>
            <param name="view">Представление, с которым работает этот метод.</param>
            <param name="callingType">Тип вызывающего объекта.</param>
            <summary>Возвращает <paramref name="TXaml" /> со свойствами, определенными в манифесте приложения для <paramref name="callingType" />.</summary>
            <returns>
                <paramref name="TXaml" /> со свойствами, определенными в манифесте приложения для <paramref name="callingType" />.</returns>
        </member>
        <member name="T:Xamarin.Forms.Xaml.FontImageExtension" />
        <member name="C:Xamarin.Forms.Xaml.FontImageExtension" />
        <member name="P:Xamarin.Forms.Xaml.FontImageExtension.Color" />
        <member name="P:Xamarin.Forms.Xaml.FontImageExtension.FontFamily" />
        <member name="P:Xamarin.Forms.Xaml.FontImageExtension.Glyph" />
        <member name="M:Xamarin.Forms.Xaml.FontImageExtension.ProvideValue(System.IServiceProvider)" />
        <member name="P:Xamarin.Forms.Xaml.FontImageExtension.Size" />
        <member name="M:Xamarin.Forms.Xaml.FontImageExtension.Xamarin#Forms#Xaml#IMarkupExtension#ProvideValue(System.IServiceProvider)" />
        <member name="T:Xamarin.Forms.Xaml.NullExtension">
            <summary>Класс расширения, различающий значения NULL и пустые строки.</summary>
        </member>
        <member name="C:Xamarin.Forms.Xaml.NullExtension">
            <summary>Создает объект <see cref="T:Xamarin.Forms.Xaml.NullExtension" /> со значениями по умолчанию.</summary>
        </member>
        <member name="M:Xamarin.Forms.Xaml.NullExtension.ProvideValue(System.IServiceProvider)">
            <param name="serviceProvider">Для внутреннего использования инфраструктурой XAML.</param>
            <summary>Возвращает объект NULL.</summary>
        </member>
        <member name="T:Xamarin.Forms.Xaml.OnIdiomExtension">
            <summary>Для внутреннего использования инфраструктурой XAML.</summary>
        </member>
        <member name="C:Xamarin.Forms.Xaml.OnIdiomExtension">
            <summary>Для внутреннего использования инфраструктурой XAML.</summary>
        </member>
        <member name="P:Xamarin.Forms.Xaml.OnIdiomExtension.Converter">
            <summary>Для внутреннего использования инфраструктурой XAML.</summary>
        </member>
        <member name="P:Xamarin.Forms.Xaml.OnIdiomExtension.ConverterParameter">
            <summary>Для внутреннего использования инфраструктурой XAML.</summary>
        </member>
        <member name="P:Xamarin.Forms.Xaml.OnIdiomExtension.Default">
            <summary>Для внутреннего использования инфраструктурой XAML.</summary>
        </member>
        <member name="P:Xamarin.Forms.Xaml.OnIdiomExtension.Desktop">
            <summary>Для внутреннего использования инфраструктурой XAML.</summary>
        </member>
        <member name="P:Xamarin.Forms.Xaml.OnIdiomExtension.Phone">
            <summary>Для внутреннего использования инфраструктурой XAML.</summary>
        </member>
        <member name="M:Xamarin.Forms.Xaml.OnIdiomExtension.ProvideValue(System.IServiceProvider)">
            <summary>Для внутреннего использования инфраструктурой XAML.</summary>
        </member>
        <member name="P:Xamarin.Forms.Xaml.OnIdiomExtension.Tablet">
            <summary>Для внутреннего использования инфраструктурой XAML.</summary>
        </member>
        <member name="P:Xamarin.Forms.Xaml.OnIdiomExtension.TV">
            <summary>Для внутреннего использования инфраструктурой XAML.</summary>
        </member>
        <member name="P:Xamarin.Forms.Xaml.OnIdiomExtension.Watch">
            <summary>Для внутреннего использования инфраструктурой XAML.</summary>
        </member>
        <member name="T:Xamarin.Forms.Xaml.OnPlatformExtension">
            <summary>Для внутреннего использования инфраструктурой XAML.</summary>
        </member>
        <member name="C:Xamarin.Forms.Xaml.OnPlatformExtension">
            <summary>Для внутреннего использования инфраструктурой XAML.</summary>
        </member>
        <member name="P:Xamarin.Forms.Xaml.OnPlatformExtension.Android">
            <summary>Для внутреннего использования инфраструктурой XAML.</summary>
        </member>
        <member name="P:Xamarin.Forms.Xaml.OnPlatformExtension.Converter">
            <summary>Для внутреннего использования инфраструктурой XAML.</summary>
        </member>
        <member name="P:Xamarin.Forms.Xaml.OnPlatformExtension.ConverterParameter">
            <summary>Для внутреннего использования инфраструктурой XAML.</summary>
        </member>
        <member name="P:Xamarin.Forms.Xaml.OnPlatformExtension.Default">
            <summary>Для внутреннего использования инфраструктурой XAML.</summary>
        </member>
        <member name="P:Xamarin.Forms.Xaml.OnPlatformExtension.GTK">
            <summary>Для внутреннего использования инфраструктурой XAML.</summary>
        </member>
        <member name="P:Xamarin.Forms.Xaml.OnPlatformExtension.iOS">
            <summary>Для внутреннего использования инфраструктурой XAML.</summary>
        </member>
        <member name="P:Xamarin.Forms.Xaml.OnPlatformExtension.macOS">
            <summary>Для внутреннего использования инфраструктурой XAML.</summary>
        </member>
        <member name="M:Xamarin.Forms.Xaml.OnPlatformExtension.ProvideValue(System.IServiceProvider)">
            <summary>Для внутреннего использования инфраструктурой XAML.</summary>
        </member>
        <member name="P:Xamarin.Forms.Xaml.OnPlatformExtension.Tizen">
            <summary>Для внутреннего использования инфраструктурой XAML.</summary>
        </member>
        <member name="P:Xamarin.Forms.Xaml.OnPlatformExtension.UWP">
            <summary>Для внутреннего использования инфраструктурой XAML.</summary>
        </member>
        <member name="P:Xamarin.Forms.Xaml.OnPlatformExtension.WPF">
            <summary>Для внутреннего использования инфраструктурой XAML.</summary>
        </member>
        <member name="T:Xamarin.Forms.Xaml.ReferenceExtension">
            <summary>Расширение разметки для ссылки на другие типы, определенные в XAML.</summary>
        </member>
        <member name="C:Xamarin.Forms.Xaml.ReferenceExtension">
            <summary>Создает объект <see cref="T:Xamarin.Forms.Xaml.ReferenceExtension" /> со значениями по умолчанию.</summary>
        </member>
        <member name="P:Xamarin.Forms.Xaml.ReferenceExtension.Name">
            <summary>Получает или задает имя сущности для ссылки.</summary>
        </member>
        <member name="M:Xamarin.Forms.Xaml.ReferenceExtension.ProvideValue(System.IServiceProvider)">
            <param name="serviceProvider">Для внутреннего использования инфраструктурой XAML.</param>
            <summary>Возвращает объект, представляющий тип, на который указывает ссылка.</summary>
        </member>
        <member name="T:Xamarin.Forms.Xaml.RelativeSourceExtension" />
        <member name="C:Xamarin.Forms.Xaml.RelativeSourceExtension" />
        <member name="P:Xamarin.Forms.Xaml.RelativeSourceExtension.AncestorLevel" />
        <member name="P:Xamarin.Forms.Xaml.RelativeSourceExtension.AncestorType" />
        <member name="P:Xamarin.Forms.Xaml.RelativeSourceExtension.Mode" />
        <member name="M:Xamarin.Forms.Xaml.RelativeSourceExtension.ProvideValue(System.IServiceProvider)" />
        <member name="M:Xamarin.Forms.Xaml.RelativeSourceExtension.Xamarin#Forms#Xaml#IMarkupExtension{Xamarin#Forms#RelativeBindingSource}#ProvideValue(System.IServiceProvider)" />
        <member name="T:Xamarin.Forms.Xaml.StaticExtension">
            <summary>Расширение разметки, которое получает значение статического члена.</summary>
        </member>
        <member name="C:Xamarin.Forms.Xaml.StaticExtension">
            <summary>Создает объект <see cref="T:Xamarin.Forms.Xaml.StaticExtension" /> со значениями по умолчанию.</summary>
        </member>
        <member name="P:Xamarin.Forms.Xaml.StaticExtension.Member">
            <summary>Получает или задает имя члена.</summary>
        </member>
        <member name="M:Xamarin.Forms.Xaml.StaticExtension.ProvideValue(System.IServiceProvider)">
            <param name="serviceProvider">Для внутреннего использования инфраструктурой XAML.</param>
            <summary>Возвращает значение члена.</summary>
        </member>
        <member name="T:Xamarin.Forms.Xaml.StaticResourceExtension">
            <summary>Для внутреннего использования инфраструктурой XAML.</summary>
        </member>
        <member name="C:Xamarin.Forms.Xaml.StaticResourceExtension">
            <summary>Для внутреннего использования инфраструктурой XAML.</summary>
        </member>
        <member name="P:Xamarin.Forms.Xaml.StaticResourceExtension.Key">
            <summary>Для внутреннего использования инфраструктурой XAML.</summary>
        </member>
        <member name="M:Xamarin.Forms.Xaml.StaticResourceExtension.ProvideValue(System.IServiceProvider)">
            <param name="serviceProvider">Для внутреннего использования инфраструктурой XAML.</param>
            <summary>Для внутреннего использования инфраструктурой XAML.</summary>
        </member>
        <member name="T:Xamarin.Forms.Xaml.StyleSheetExtension">
            <summary>Для внутреннего использования инфраструктурой XAML.</summary>
        </member>
        <member name="C:Xamarin.Forms.Xaml.StyleSheetExtension">
            <summary>Для внутреннего использования инфраструктурой XAML.</summary>
        </member>
        <member name="P:Xamarin.Forms.Xaml.StyleSheetExtension.Source">
            <summary>Для внутреннего использования инфраструктурой XAML.</summary>
            <value>Для внутреннего использования инфраструктурой XAML.</value>
        </member>
        <member name="P:Xamarin.Forms.Xaml.StyleSheetExtension.Style">
            <summary>Для внутреннего использования инфраструктурой XAML.</summary>
            <value>Для внутреннего использования инфраструктурой XAML.</value>
        </member>
        <member name="M:Xamarin.Forms.Xaml.StyleSheetExtension.Xamarin#Forms#Xaml#IValueProvider#ProvideValue(System.IServiceProvider)">
            <param name="serviceProvider">Для внутреннего использования инфраструктурой XAML.</param>
            <summary>Для внутреннего использования инфраструктурой XAML.</summary>
            <returns>Для внутреннего использования инфраструктурой XAML.</returns>
        </member>
        <member name="T:Xamarin.Forms.Xaml.TemplateBindingExtension">
            <summary>Для внутреннего использования инфраструктурой XAML.</summary>
        </member>
        <member name="C:Xamarin.Forms.Xaml.TemplateBindingExtension">
            <summary>Для внутреннего использования инфраструктурой XAML.</summary>
        </member>
        <member name="P:Xamarin.Forms.Xaml.TemplateBindingExtension.Converter">
            <summary>Для внутреннего использования инфраструктурой XAML.</summary>
        </member>
        <member name="P:Xamarin.Forms.Xaml.TemplateBindingExtension.ConverterParameter">
            <summary>Для внутреннего использования инфраструктурой XAML.</summary>
        </member>
        <member name="P:Xamarin.Forms.Xaml.TemplateBindingExtension.Mode">
            <summary>Для внутреннего использования инфраструктурой XAML.</summary>
        </member>
        <member name="P:Xamarin.Forms.Xaml.TemplateBindingExtension.Path">
            <summary>Для внутреннего использования инфраструктурой XAML.</summary>
        </member>
        <member name="P:Xamarin.Forms.Xaml.TemplateBindingExtension.StringFormat">
            <summary>Для внутреннего использования инфраструктурой XAML.</summary>
        </member>
        <member name="M:Xamarin.Forms.Xaml.TemplateBindingExtension.Xamarin#Forms#Xaml#IMarkupExtension#ProvideValue(System.IServiceProvider)">
            <param name="serviceProvider">Для внутреннего использования инфраструктурой XAML.</param>
            <summary>Для внутреннего использования инфраструктурой XAML.</summary>
        </member>
        <member name="M:Xamarin.Forms.Xaml.TemplateBindingExtension.Xamarin#Forms#Xaml#IMarkupExtension{Xamarin#Forms#BindingBase}#ProvideValue(System.IServiceProvider)">
            <param name="serviceProvider">Для внутреннего использования инфраструктурой XAML.</param>
            <summary>Для внутреннего использования инфраструктурой XAML.</summary>
        </member>
        <member name="T:Xamarin.Forms.Xaml.TypeExtension">
            <summary>Для внутреннего использования инфраструктурой XAML.</summary>
        </member>
        <member name="C:Xamarin.Forms.Xaml.TypeExtension">
            <summary>Для внутреннего использования инфраструктурой XAML.</summary>
        </member>
        <member name="M:Xamarin.Forms.Xaml.TypeExtension.ProvideValue(System.IServiceProvider)">
            <param name="serviceProvider">Для внутреннего использования инфраструктурой XAML.</param>
            <summary>Для внутреннего использования инфраструктурой XAML.</summary>
        </member>
        <member name="P:Xamarin.Forms.Xaml.TypeExtension.TypeName">
            <summary>Для внутреннего использования инфраструктурой XAML.</summary>
        </member>
        <member name="M:Xamarin.Forms.Xaml.TypeExtension.Xamarin#Forms#Xaml#IMarkupExtension#ProvideValue(System.IServiceProvider)">
            <param name="serviceProvider">Для внутреннего использования инфраструктурой XAML.</param>
            <summary>Для внутреннего использования инфраструктурой XAML.</summary>
        </member>
        <member name="T:Xamarin.Forms.Xaml.XamlCompilationAttribute">
            <summary>Атрибут, определяющий, будет ли XAML компилироваться во время сборки или во время выполнения.</summary>
        </member>
        <member name="C:Xamarin.Forms.Xaml.XamlCompilationAttribute(Xamarin.Forms.Xaml.XamlCompilationOptions)">
            <param name="xamlCompilationOptions">Значение, которое сообщает, следует ли компилировать XAML во время выполнения или компиляции.</param>
            <summary>Создает объект <see cref="T:Xamarin.Forms.Xaml.XamlCompilationAttribute" /> с указанным значением.</summary>
        </member>
        <member name="P:Xamarin.Forms.Xaml.XamlCompilationAttribute.XamlCompilationOptions">
            <summary>Возвращает или задает значение, которое сообщает, следует ли компилировать XAML во время выполнения или компиляции.</summary>
        </member>
        <member name="T:Xamarin.Forms.Xaml.XamlCompilationOptions">
            <summary>Перечисляет значения, определяющие, когда XAML компилируется в IL.</summary>
        </member>
        <member name="F:Xamarin.Forms.Xaml.XamlCompilationOptions.Compile">
            <summary>Компиляция XAML для класса или проекта при сборке приложения.</summary>
        </member>
        <member name="F:Xamarin.Forms.Xaml.XamlCompilationOptions.Skip">
            <summary>Компиляция XAML для класса или проекта при запуске приложения на устройстве.</summary>
        </member>
        <member name="T:Xamarin.Forms.Xaml.XamlFilePathAttribute">
            <summary>Для внутреннего использования инфраструктурой XAML.</summary>
        </member>
        <member name="C:Xamarin.Forms.Xaml.XamlFilePathAttribute(System.String)">
            <param name="filePath">Для внутреннего использования инфраструктурой XAML.</param>
            <summary>Для внутреннего использования инфраструктурой XAML.</summary>
        </member>
        <member name="P:Xamarin.Forms.Xaml.XamlFilePathAttribute.FilePath">
            <summary>Для внутреннего использования инфраструктурой XAML.</summary>
            <value>Для внутреннего использования инфраструктурой XAML.</value>
        </member>
        <member name="T:Xamarin.Forms.Xaml.Internals.NameScopeProvider">
            <summary>Для внутреннего использования платформой Xamarin.Forms.</summary>
        </member>
        <member name="C:Xamarin.Forms.Xaml.Internals.NameScopeProvider">
            <summary>Для внутреннего использования платформой Xamarin.Forms.</summary>
        </member>
        <member name="P:Xamarin.Forms.Xaml.Internals.NameScopeProvider.NameScope">
            <summary>Для внутреннего использования платформой Xamarin.Forms.</summary>
        </member>
        <member name="T:Xamarin.Forms.Xaml.Internals.SimpleValueTargetProvider">
            <summary>Для внутреннего использования платформой Xamarin.Forms.</summary>
        </member>
        <member name="C:Xamarin.Forms.Xaml.Internals.SimpleValueTargetProvider(System.Object[])">
            <param name="objectAndParents">Для внутреннего использования платформой Xamarin.Forms.</param>
            <summary>Для внутреннего использования платформой Xamarin.Forms.</summary>
        </member>
        <member name="C:Xamarin.Forms.Xaml.Internals.SimpleValueTargetProvider(System.Object[],System.Object)">
            <param name="objectAndParents">Для внутреннего использования платформой Xamarin.Forms.</param>
            <param name="targetProperty">Для внутреннего использования платформой Xamarin.Forms.</param>
            <summary>Для внутреннего использования платформой Xamarin.Forms.</summary>
        </member>
        <member name="C:Xamarin.Forms.Xaml.Internals.SimpleValueTargetProvider(System.Object[],System.Object,Xamarin.Forms.Internals.INameScope)">
            <summary>Для внутреннего использования платформой Xamarin.Forms.</summary>
        </member>
        <member name="M:Xamarin.Forms.Xaml.Internals.SimpleValueTargetProvider.FindByName(System.String)">
            <summary>Для внутреннего использования инфраструктурой XAML.</summary>
        </member>
        <member name="P:Xamarin.Forms.Xaml.Internals.SimpleValueTargetProvider.Xamarin#Forms#Xaml#IProvideValueTarget#TargetObject">
            <summary>Для внутреннего использования платформой Xamarin.Forms.</summary>
        </member>
        <member name="P:Xamarin.Forms.Xaml.Internals.SimpleValueTargetProvider.Xamarin#Forms#Xaml#IProvideValueTarget#TargetProperty">
            <summary>Для внутреннего использования платформой Xamarin.Forms.</summary>
        </member>
        <member name="T:Xamarin.Forms.Xaml.Internals.XamlLoader">
            <summary>Для внутреннего использования платформой Xamarin.Forms.</summary>
        </member>
        <member name="P:Xamarin.Forms.Xaml.Internals.XamlLoader.XamlFileProvider">
            <summary>Для внутреннего использования платформой Xamarin.Forms.</summary>
        </member>
        <member name="T:Xamarin.Forms.Xaml.Internals.XamlServiceProvider">
            <summary>Для внутреннего использования платформой Xamarin.Forms.</summary>
        </member>
        <member name="C:Xamarin.Forms.Xaml.Internals.XamlServiceProvider">
            <summary>Для внутреннего использования платформой Xamarin.Forms.</summary>
        </member>
        <member name="M:Xamarin.Forms.Xaml.Internals.XamlServiceProvider.Add(System.Type,System.Object)">
            <param name="type">Для внутреннего использования платформой Xamarin.Forms.</param>
            <param name="service">Для внутреннего использования платформой Xamarin.Forms.</param>
            <summary>Для внутреннего использования платформой Xamarin.Forms.</summary>
        </member>
        <member name="M:Xamarin.Forms.Xaml.Internals.XamlServiceProvider.GetService(System.Type)">
            <param name="serviceType">Для внутреннего использования платформой Xamarin.Forms.</param>
            <summary>Для внутреннего использования платформой Xamarin.Forms.</summary>
        </member>
        <member name="T:Xamarin.Forms.Xaml.Internals.XamlTypeResolver">
            <summary>Для внутреннего использования платформой Xamarin.Forms.</summary>
        </member>
        <member name="C:Xamarin.Forms.Xaml.Internals.XamlTypeResolver(System.Xml.IXmlNamespaceResolver,System.Reflection.Assembly)">
            <param name="namespaceResolver">Для внутреннего использования платформой Xamarin.Forms.</param>
            <param name="currentAssembly">Для внутреннего использования платформой Xamarin.Forms.</param>
            <summary>Для внутреннего использования платформой Xamarin.Forms.</summary>
        </member>
        <member name="M:Xamarin.Forms.Xaml.Internals.XamlTypeResolver.Xamarin#Forms#Xaml#IXamlTypeResolver#Resolve(System.String,System.IServiceProvider)">
            <param name="qualifiedTypeName">Для внутреннего использования платформой Xamarin.Forms.</param>
            <param name="serviceProvider">Для внутреннего использования платформой Xamarin.Forms.</param>
            <summary>Для внутреннего использования платформой Xamarin.Forms.</summary>
        </member>
        <member name="M:Xamarin.Forms.Xaml.Internals.XamlTypeResolver.Xamarin#Forms#Xaml#IXamlTypeResolver#TryResolve(System.String,System.Type)" />
        <member name="T:Xamarin.Forms.Xaml.Internals.XmlLineInfoProvider">
            <summary>Для внутреннего использования платформой Xamarin.Forms.</summary>
        </member>
        <member name="C:Xamarin.Forms.Xaml.Internals.XmlLineInfoProvider(System.Xml.IXmlLineInfo)">
            <param name="xmlLineInfo">Для внутреннего использования платформой Xamarin.Forms.</param>
            <summary>Для внутреннего использования платформой Xamarin.Forms.</summary>
        </member>
        <member name="P:Xamarin.Forms.Xaml.Internals.XmlLineInfoProvider.XmlLineInfo">
            <summary>Для внутреннего использования платформой Xamarin.Forms.</summary>
        </member>
        <member name="T:Xamarin.Forms.Xaml.Internals.XmlNamespaceResolver">
            <summary>Для внутреннего использования платформой Xamarin.Forms.</summary>
        </member>
        <member name="C:Xamarin.Forms.Xaml.Internals.XmlNamespaceResolver">
            <summary>Для внутреннего использования платформой Xamarin.Forms.</summary>
        </member>
        <member name="M:Xamarin.Forms.Xaml.Internals.XmlNamespaceResolver.Add(System.String,System.String)">
            <param name="prefix">Для внутреннего использования платформой Xamarin.Forms.</param>
            <param name="ns">Для внутреннего использования платформой Xamarin.Forms.</param>
            <summary>Для внутреннего использования платформой Xamarin.Forms.</summary>
        </member>
        <member name="M:Xamarin.Forms.Xaml.Internals.XmlNamespaceResolver.GetNamespacesInScope(System.Xml.XmlNamespaceScope)">
            <param name="scope">Для внутреннего использования платформой Xamarin.Forms.</param>
            <summary>Для внутреннего использования платформой Xamarin.Forms.</summary>
        </member>
        <member name="M:Xamarin.Forms.Xaml.Internals.XmlNamespaceResolver.LookupNamespace(System.String)">
            <param name="prefix">Для внутреннего использования платформой Xamarin.Forms.</param>
            <summary>Для внутреннего использования платформой Xamarin.Forms.</summary>
        </member>
        <member name="M:Xamarin.Forms.Xaml.Internals.XmlNamespaceResolver.LookupPrefix(System.String)">
            <param name="namespaceName">Для внутреннего использования платформой Xamarin.Forms.</param>
            <summary>Для внутреннего использования платформой Xamarin.Forms.</summary>
        </member>
    </members>
</doc>
